INPUT.rsID,dbSNP.CHR,dbSNP.START,dbSNP.REF.ALLELE,dbSNP.ALT.ALLELE,GRCh37.ALLELE,STRAND,INPUT.RISK.ALLELE,FLAG.RM,FLAG.AMBIGUOUS,BED.COVERAGE,INPUT.RISK.TYPE,FLAG.RISK.FLIPPED,FLAG.LDPROXY,LDPROXY.rsID,LDPROXY.CHR,LDPROXY.START,LDPROXY.REF.ALLELE,LDPROXY.ALT.ALLELE,INPUT.ALLELE.FREQ,INPUT.BETA
rs7087507,10,63745689,A,G,A,+,G,N,N,FALSE,ALT,N,N,NA,NA,NA,NA,NA,0.35,0.48242610
rs3731217,9,21984661,A,C|T,A,+,G,N,N,FALSE,ALT,Y,N,NA,NA,NA,NA,NA,NA,-0.35667490
rs4245595,10,63722895,C,T,C,+,C,N,N,FALSE,REF,N,N,NA,NA,NA,NA,NA,0.34,0.48858000
rs2191566,19,44511389,G,T,G,+,C,N,N,FALSE,REF,Y,N,NA,NA,NA,NA,NA,NA,-0.01005034
rs1030137,12,96616051,T,A|C,T,+,C,N,N,TRUE,ALT,N,Y,rs2268507,12,96614125,C,T,NA,0.19062040
rs2167364,7,50565827,T,C,T,+,G,N,N,TRUE,ALT,Y,Y,rs1037351,7,50565404,T,C,NA,0.27763170
rs13034020,2,61043834,A,G,A,+,T,N,N,TRUE,REF,Y,Y,rs35043490,2,61042150,A,G,0.18,0.24686008
rs312,8,19817997,G,C,G,+,C,Y,Y,FALSE,NA,NA,N,NA,NA,NA,NA,NA,NA,0.25000000
rs965506592,1,769530,C,G,C,+,G,Y,Y,FALSE,NA,NA,N,NA,NA,NA,NA,NA,NA,0.25000000
rs4948492,10,63719739,C,G|T,C,+,C,Y,Y,TRUE,NA,NA,N,NA,NA,NA,NA,NA,0.34,0.48858000
rs334,NA,NA,NA,NA,NA,NA,NA,Y,NA,NA,NA,NA,NA,NA,NA,NA,NA,NA,NA,0.25000000
