INPUT.rsID,dbSNP.CHR,dbSNP.START,dbSNP.REF.ALLELE,dbSNP.ALT.ALLELE,GRCh37.ALLELE,STRAND,RISK.ALLELE,FLAG.RM,FLAG.AMBIGUOUS,BED.COVERAGE,INPUT.RISK.TYPE,FLAG.RISK.FLIPPED,FLAG.LDPROXY,LDPROXY.rsID,LDPROXY.CHR,LDPROXY.START,LDPROXY.REF.ALLELE,LDPROXY.ALT.ALLELE,INPUT.ALLELE.FREQ,INPUT.BETA,INPUT.Pvalue
rs7087507,10,63745689,A,G,A,+,G,N,N,FALSE,ALT,N,NA,NA,NA,NA,NA,NA,0.35,0.48242610,6.96e-09
rs3731217,9,21984661,A,C|T,A,+,G,N,N,FALSE,ALT,Y,NA,NA,NA,NA,NA,NA,NA,-0.35667490,7.24e-14
rs4245595,10,63722895,C,T,C,+,C,N,N,FALSE,REF,N,NA,NA,NA,NA,NA,NA,0.34,0.48858000,2.13e-09
rs2191566,19,44511389,G,T,G,+,C,N,N,FALSE,REF,Y,NA,NA,NA,NA,NA,NA,NA,-0.01005034,8.80e-01
rs1030137,12,96616051,T,A|C,T,+,C,N,N,TRUE,ALT,N,Y,rs2268507,12,96614125,C,T,NA,0.19062040,1.35e-07
rs2167364,7,50565827,T,C,T,+,G,N,N,TRUE,ALT,Y,Y,rs1037351,7,50565404,T,C,NA,0.27763170,1.73e-08
rs13034020,2,61043834,A,G,A,+,T,N,N,TRUE,REF,Y,Y,rs35043490,2,61042150,A,G,0.18,0.24686008,3.20e-06
rs312,8,19817997,G,C,G,+,C,Y,Y,FALSE,NA,NA,NA,NA,NA,NA,NA,NA,NA,0.25000000,6.96e-09
rs334,11,5248232,T,A|C|G,T,+,A,Y,Y,FALSE,NA,NA,NA,NA,NA,NA,NA,NA,NA,0.25000000,6.96e-09
rs4948492,10,63719739,C,G|T,C,+,C,Y,Y,TRUE,NA,NA,N,NA,NA,NA,NA,NA,0.34,0.48858000,2.84e-09
rs965506592,1,769530,C,G,C,+,G,Y,Y,TRUE,NA,NA,N,NA,NA,NA,NA,NA,NA,0.25000000,6.96e-09
